{
    "_": {
        "editor": {
            "view": {
                "view-show-grid": true,
                "view-snap-grid": true,
                "view-grid-size": 20,
                "view-node-status": true,
                "view-node-show-label": true,
                "view-show-tips": true,
                "view-show-welcome-tours": true
            },
            "tours": {
                "welcome": "2.1.6"
            }
        },
        "debug": {
            "filter": "filterSelected"
        },
        "menu-menu-item-sidebar": true
    }
}